-- phpMyAdmin SQL Dump
-- version 4.5.4.1deb2ubuntu2
-- http://www.phpmyadmin.net
--
-- Host: localhost
-- Generation Time: Dec 05, 2017 at 05:41 PM
-- Server version: 5.7.20-0ubuntu0.16.04.1
-- PHP Version: 7.0.22-0ubuntu0.16.04.1

SET SQL_MODE = "NO_AUTO_VALUE_ON_ZERO";
SET time_zone = "+00:00";


/*!40101 SET @OLD_CHARACTER_SET_CLIENT=@@CHARACTER_SET_CLIENT */;
/*!40101 SET @OLD_CHARACTER_SET_RESULTS=@@CHARACTER_SET_RESULTS */;
/*!40101 SET @OLD_COLLATION_CONNECTION=@@COLLATION_CONNECTION */;
/*!40101 SET NAMES utf8mb4 */;

--
-- Database: `movie_recommendation`
--

-- --------------------------------------------------------

--
-- Table structure for table `movie_rating`
--

CREATE TABLE `movie_rating` (
  `movie_name` varchar(100) NOT NULL,
  `rating` float NOT NULL,
  `delete_status` varchar(30) NOT NULL,
  `num_users` int(11) NOT NULL
) ENGINE=InnoDB DEFAULT CHARSET=latin1;

--
-- Dumping data for table `movie_rating`
--

INSERT INTO `movie_rating` (`movie_name`, `rating`, `delete_status`, `num_users`) VALUES
('Toy Story (995)', 8.26479, 'N', 1),
('GoldenEye (995)', 3.58041, 'N', 1),
('Four Rooms (995)', 4.2222, 'N', 1),
('Get Shorty (995)', 7.03097, 'N', 1),
('Copycat (995)', 9.61784, 'N', 1),
('Shanghai Triad (Yao a yao yao dao waipo qiao) (995)', 7.73838, 'N', 1),
('Twelve Monkeys (995)', 2.1304, 'N', 2),
('Babe (995)', 8.43341, 'N', 1),
('Dead Man Walking (995)', 3.03832, 'N', 2),
('Usual Suspects', 7.10042, 'N', 1),
('Mighty Aphrodite (995)', 9.7822, 'N', 1),
('French Twist (Gazon maudit) (995)', 9.35221, 'N', 1),
('From Dusk Till Dawn (996)', 6.20796, 'N', 1),
('White Balloon', 9.12186, 'N', 1),
('Braveheart (995)', 4.13333, 'N', 1),
('Taxi Driver (976)', 8.08199, 'N', 1),
('Rumble in the Bronx (995)', 6.25285, 'N', 1),
('Birdcage', 9.44648, 'N', 1),
('Brothers McMullen', 7.11983, 'N', 1),
('Bad Boys (995)', 3.32779, 'N', 1),
('Apollo 3 (995)', 8.63361, 'N', 1),
('Batman Forever (995)', 9.14698, 'N', 1),
('Crumb (994)', 5.51648, 'N', 1),
('Doom Generation', 3.7266, 'N', 1),
('Free Willy 2: The Adventure Home (995)', 3.18128, 'N', 1),
('Mad Love (995)', 5.45563, 'N', 1),
('Nadja (994)', 8.28802, 'N', 1),
('Net', 3.50026, 'N', 1),
('Strange Days (995)', 5.33201, 'N', 1),
('Thanks for Everything! Julie Newmar (995)', 2.82537, 'N', 1),
('Clerks (994)', 9.48003, 'N', 1),
('Disclosure (994)', 7.99817, 'N', 1),
('Dolores Claiborne (994)', 3.85809, 'N', 1),
('Eat Drink Man Woman (994)', 3.21912, 'N', 1),
('Exotica (994)', 8.34776, 'N', 1),
('Ed Wood (994)', 2.59624, 'N', 1),
('Hoop Dreams (994)', 6.17251, 'N', 1),
('I.Q. (994)', 8.38238, 'N', 1),
('Madness of King George', 6.16168, 'N', 1),
('Natural Born Killers (994)', 3.63724, 'N', 1),
('Outbreak (995)', 6.58655, 'N', 1),
('Professional', 9.99995, 'N', 1),
('Pulp Fiction (994)', 3.00375, 'N', 1),
('Three Colors: Red (994)', 3.30505, 'N', 1),
('Shawshank Redemption', 4.87276, 'N', 1),
('Postino', 8.15931, 'N', 1),
('Desperado (995)', 8.51814, 'N', 1);

-- --------------------------------------------------------

--
-- Table structure for table `movie_recommendation_scala`
--

CREATE TABLE `movie_recommendation_scala` (
  `username` varchar(30) NOT NULL,
  `movie_name` varchar(100) NOT NULL
) ENGINE=InnoDB DEFAULT CHARSET=latin1;

--
-- Dumping data for table `movie_recommendation_scala`
--

INSERT INTO `movie_recommendation_scala` (`username`, `movie_name`) VALUES
('mohit', 'Eat Drink Man Woman (994)'),
('mohit', 'Strange Days (995)'),
('mohit', 'Exotica (994)'),
('mohit', 'Mad Love (995)'),
('mohit', 'Apollo 3 (995)'),
('mohit', 'Dead Man Walking (995)'),
('mohit', 'Outbreak (995)'),
('mohit', 'Apollo 3 (995)'),
('mohit', 'Dolores Claiborne (994)'),
('mohit', 'Brothers McMullen'),
('mohit', 'Doom Generation'),
('mohit', 'Get Shorty (995)'),
('mohit', 'Crumb (994)'),
('mohit', 'I.Q. (994)'),
('mohit', 'Disclosure (994)'),
('mohit', 'Toy Story (995)'),
('mohit', 'Bad Boys (995)'),
('mohit', 'Pulp Fiction (994)'),
('mohit', 'Twelve Monkeys (995)'),
('mohit', 'White Balloon'),
('mohit', 'Taxi Driver (976)'),
('mohit', 'Mighty Aphrodite (995)'),
('mohit', 'Madness of King George'),
('mohit', 'Natural Born Killers (994)'),
('mohit', 'GoldenEye (995)'),
('mohit', 'Babe (995)'),
('mohit', 'Copycat (995)'),
('mohit', 'Net'),
('mohit', 'From Dusk Till Dawn (996)'),
('mohit', 'Braveheart (995)'),
('mohit', 'Three Colors: Red (994)'),
('mohit', 'Four Rooms (995)'),
('mohit', 'Dead Man Walking (995)'),
('mohit', 'Clerks (994)'),
('mohit', 'Birdcage'),
('mohit', 'Copycat (995)'),
('mohit', 'Nadja (994)'),
('mohit', 'Usual Suspects'),
('mohit', 'Shawshank Redemption'),
('mohit', 'Professional'),
('mohit', 'Batman Forever (995)'),
('mohit', 'Four Rooms (995)'),
('mohit', 'Hoop Dreams (994)'),
('mohit', 'Rumble in the Bronx (995)'),
('vaibhav', 'Clerks (994)'),
('vaibhav', 'Twelve Monkeys (995)'),
('vaibhav', 'Mad Love (995)'),
('vaibhav', 'Shawshank Redemption'),
('vaibhav', 'Nadja (994)'),
('vaibhav', 'White Balloon'),
('vaibhav', 'Birdcage'),
('vaibhav', 'GoldenEye (995)'),
('vaibhav', 'Brothers McMullen'),
('vaibhav', 'Dolores Claiborne (994)'),
('vaibhav', 'Batman Forever (995)'),
('vaibhav', 'Get Shorty (995)'),
('vaibhav', 'Rumble in the Bronx (995)'),
('vaibhav', 'Bad Boys (995)'),
('vaibhav', 'Babe (995)'),
('vaibhav', 'Braveheart (995)'),
('vaibhav', 'Doom Generation'),
('vaibhav', 'Net'),
('vaibhav', 'Pulp Fiction (994)'),
('vaibhav', 'Mighty Aphrodite (995)'),
('vaibhav', 'Madness of King George'),
('vaibhav', 'From Dusk Till Dawn (996)'),
('vaibhav', 'Toy Story (995)'),
('vaibhav', 'Exotica (994)'),
('vaibhav', 'Usual Suspects'),
('vaibhav', 'Exotica (994)'),
('vaibhav', 'I.Q. (994)'),
('vaibhav', 'Hoop Dreams (994)'),
('vaibhav', 'Strange Days (995)'),
('vaibhav', 'Three Colors: Red (994)'),
('vaibhav', 'Ed Wood (994)'),
('vaibhav', 'Professional'),
('vaibhav', 'Taxi Driver (976)'),
('vaibhav', 'Ed Wood (994)'),
('vaibhav', 'Natural Born Killers (994)'),
('vaibhav', 'Crumb (994)'),
('vaibhav', 'Outbreak (995)'),
('vaibhav', 'Disclosure (994)'),
('vaibhav', 'Eat Drink Man Woman (994)'),
('vaibhav', 'Dead Man Walking (995)'),
('vaibhav', 'Apollo 3 (995)'),
('vaibhav', 'Copycat (995)'),
('test1', 'Hoop Dreams (994)'),
('test1', 'Braveheart (995)'),
('test1', 'Toy Story (995)'),
('test1', 'Shawshank Redemption'),
('test1', 'Strange Days (995)'),
('test1', 'Dead Man Walking (995)'),
('test1', 'Natural Born Killers (994)'),
('test1', 'Babe (995)'),
('test1', 'Brothers McMullen'),
('test1', 'Taxi Driver (976)'),
('test1', 'Mighty Aphrodite (995)'),
('test1', 'Three Colors: Red (994)'),
('test1', 'Dead Man Walking (995)'),
('test1', 'Madness of King George'),
('test1', 'Disclosure (994)'),
('test1', 'Twelve Monkeys (995)'),
('test1', 'I.Q. (994)'),
('test1', 'Professional'),
('test1', 'Clerks (994)'),
('test1', 'Nadja (994)'),
('test1', 'Bad Boys (995)'),
('test1', 'Usual Suspects'),
('test1', 'Ed Wood (994)'),
('test1', 'Exotica (994)'),
('test1', 'From Dusk Till Dawn (996)'),
('test1', 'GoldenEye (995)'),
('test1', 'Eat Drink Man Woman (994)'),
('test1', 'Outbreak (995)'),
('test1', 'Doom Generation'),
('test1', 'Pulp Fiction (994)'),
('test1', 'Rumble in the Bronx (995)'),
('test1', 'Net'),
('test1', 'Ed Wood (994)'),
('test1', 'Batman Forever (995)'),
('test1', 'Birdcage'),
('test1', 'White Balloon'),
('test1', 'Get Shorty (995)'),
('test1', 'Dolores Claiborne (994)'),
('test1', 'Crumb (994)'),
('test1', 'Mad Love (995)'),
('test1', 'Apollo 3 (995)'),
('test1', 'Four Rooms (995)'),
('test2', 'GoldenEye (995)'),
('test2', 'Crumb (994)'),
('test2', 'Exotica (994)'),
('test2', 'Copycat (995)'),
('test2', 'Natural Born Killers (994)'),
('test2', 'Doom Generation'),
('test2', 'Shawshank Redemption'),
('test2', 'Strange Days (995)'),
('test2', 'Eat Drink Man Woman (994)'),
('test2', 'From Dusk Till Dawn (996)'),
('test2', 'Usual Suspects'),
('test2', 'Mighty Aphrodite (995)'),
('test2', 'Mad Love (995)'),
('test2', 'Brothers McMullen'),
('test2', 'Professional'),
('test2', 'Ed Wood (994)'),
('test2', 'Twelve Monkeys (995)'),
('test2', 'Net'),
('test2', 'Usual Suspects'),
('test2', 'White Balloon'),
('test2', 'Apollo 3 (995)'),
('test2', 'Disclosure (994)'),
('test2', 'Pulp Fiction (994)'),
('test2', 'Get Shorty (995)'),
('test2', 'Hoop Dreams (994)'),
('test2', 'Rumble in the Bronx (995)'),
('test2', 'Four Rooms (995)'),
('test2', 'Taxi Driver (976)'),
('test2', 'Batman Forever (995)'),
('test2', 'Clerks (994)'),
('test2', 'Nadja (994)'),
('test2', 'Madness of King George'),
('test2', 'Bad Boys (995)'),
('test2', 'Babe (995)'),
('test2', 'Dolores Claiborne (994)'),
('test2', 'Dead Man Walking (995)'),
('test2', 'White Balloon'),
('test2', 'Outbreak (995)'),
('test2', 'Three Colors: Red (994)'),
('test2', 'Twelve Monkeys (995)'),
('test2', 'Braveheart (995)'),
('test2', 'I.Q. (994)'),
('test2', 'Birdcage'),
('test3', 'Shawshank Redemption'),
('test3', 'Toy Story (995)'),
('test3', 'Ed Wood (994)'),
('test3', 'French Twist (Gazon maudit) (995)'),
('test3', 'Doom Generation'),
('test3', 'Three Colors: Red (994)'),
('test3', 'Apollo 3 (995)'),
('test3', 'I.Q. (994)'),
('test3', 'Shanghai Triad (Yao a yao yao dao waipo qiao) (995)'),
('test3', 'GoldenEye (995)'),
('test3', 'Crumb (994)'),
('test3', 'Rumble in the Bronx (995)'),
('test3', 'Twelve Monkeys (995)'),
('test3', 'Apollo 3 (995)'),
('test3', 'Dead Man Walking (995)'),
('test3', 'Professional'),
('test3', 'Thanks for Everything! Julie Newmar (995)'),
('test3', 'Mad Love (995)'),
('test3', 'Clerks (994)'),
('test3', 'Outbreak (995)'),
('test3', 'Net'),
('test3', 'Pulp Fiction (994)'),
('test3', 'Nadja (994)'),
('test3', 'Mighty Aphrodite (995)'),
('test3', 'Copycat (995)'),
('test3', 'Hoop Dreams (994)'),
('test3', 'Free Willy 2: The Adventure Home (995)'),
('test3', 'Four Rooms (995)'),
('test3', 'Dolores Claiborne (994)'),
('test3', 'Four Rooms (995)'),
('test3', 'Birdcage'),
('test3', 'Brothers McMullen'),
('test3', 'Taxi Driver (976)'),
('test3', 'Madness of King George'),
('test3', 'Braveheart (995)'),
('test3', 'Get Shorty (995)'),
('test3', 'Doom Generation'),
('test3', 'Babe (995)'),
('test3', 'From Dusk Till Dawn (996)'),
('test3', 'Bad Boys (995)'),
('test3', 'Batman Forever (995)'),
('test3', 'Strange Days (995)'),
('test3', 'Natural Born Killers (994)'),
('test3', 'White Balloon'),
('test3', 'Disclosure (994)'),
('test3', 'Usual Suspects'),
('test3', 'Eat Drink Man Woman (994)'),
('kartik', 'Twelve Monkeys (995)'),
('kartik', 'Natural Born Killers (994)'),
('kartik', 'Apollo 3 (995)'),
('kartik', 'Desperado (995)'),
('kartik', 'Shanghai Triad (Yao a yao yao dao waipo qiao) (995)'),
('kartik', 'Thanks for Everything! Julie Newmar (995)'),
('kartik', 'Free Willy 2: The Adventure Home (995)'),
('kartik', 'Doom Generation'),
('kartik', 'Nadja (994)'),
('kartik', 'Mighty Aphrodite (995)'),
('kartik', 'French Twist (Gazon maudit) (995)'),
('kartik', 'Apollo 3 (995)'),
('kartik', 'Hoop Dreams (994)'),
('kartik', 'Postino'),
('kartik', 'Brothers McMullen'),
('kartik', 'Eat Drink Man Woman (994)'),
('kartik', 'Dead Man Walking (995)'),
('kartik', 'Clerks (994)'),
('kartik', 'Babe (995)'),
('kartik', 'Exotica (994)'),
('kartik', 'Pulp Fiction (994)'),
('kartik', 'Four Rooms (995)'),
('kartik', 'Usual Suspects'),
('kartik', 'Birdcage'),
('kartik', 'Mad Love (995)'),
('kartik', 'I.Q. (994)'),
('kartik', 'Outbreak (995)'),
('kartik', 'Net'),
('kartik', 'Taxi Driver (976)'),
('kartik', 'Batman Forever (995)'),
('kartik', 'Dolores Claiborne (994)'),
('kartik', 'Disclosure (994)'),
('kartik', 'Toy Story (995)'),
('kartik', 'Braveheart (995)'),
('kartik', 'From Dusk Till Dawn (996)'),
('kartik', 'Three Colors: Red (994)'),
('kartik', 'GoldenEye (995)'),
('kartik', 'Crumb (994)'),
('kartik', 'Madness of King George'),
('kartik', 'Shawshank Redemption'),
('kartik', 'Bad Boys (995)'),
('kartik', 'Get Shorty (995)'),
('kartik', 'Dead Man Walking (995)'),
('kartik', 'Copycat (995)'),
('kartik', 'Eat Drink Man Woman (994)'),
('kartik', 'Doom Generation'),
('kartik', 'Exotica (994)'),
('kartik', 'White Balloon'),
('kartik', 'Professional'),
('kartik', 'Disclosure (994)'),
('kartik', 'Ed Wood (994)'),
('kartik', 'Strange Days (995)'),
('sagare', 'Rumble in the Bronx (995)'),
('sagare', 'Disclosure (994)'),
('sagare', 'Usual Suspects'),
('sagare', 'Four Rooms (995)'),
('sagare', 'Mighty Aphrodite (995)'),
('sagare', 'Apollo 3 (995)'),
('sagare', 'I.Q. (994)'),
('sagare', 'Net'),
('sagare', 'Madness of King George'),
('sagare', 'Birdcage'),
('sagare', 'Mad Love (995)'),
('sagare', 'Doom Generation'),
('sagare', 'Clerks (994)'),
('sagare', 'From Dusk Till Dawn (996)'),
('sagare', 'Strange Days (995)'),
('sagare', 'Dolores Claiborne (994)'),
('sagare', 'GoldenEye (995)'),
('sagare', 'Hoop Dreams (994)'),
('sagare', 'Eat Drink Man Woman (994)'),
('sagare', 'Exotica (994)'),
('sagare', 'Dead Man Walking (995)'),
('sagare', 'Crumb (994)'),
('sagare', 'Natural Born Killers (994)'),
('sagare', 'French Twist (Gazon maudit) (995)'),
('sagare', 'Copycat (995)'),
('sagare', 'Toy Story (995)'),
('sagare', 'Thanks for Everything! Julie Newmar (995)'),
('sagare', 'Bad Boys (995)'),
('sagare', 'White Balloon'),
('sagare', 'Taxi Driver (976)'),
('sagare', 'Ed Wood (994)'),
('sagare', 'Free Willy 2: The Adventure Home (995)'),
('sagare', 'Shawshank Redemption'),
('sagare', 'Usual Suspects'),
('sagare', 'Get Shorty (995)'),
('sagare', 'White Balloon'),
('sagare', 'Professional'),
('sagare', 'Postino'),
('sagare', 'Three Colors: Red (994)'),
('sagare', 'Shanghai Triad (Yao a yao yao dao waipo qiao) (995)'),
('sagare', 'Batman Forever (995)'),
('sagare', 'Brothers McMullen'),
('sagare', 'Outbreak (995)'),
('sagare', 'Pulp Fiction (994)'),
('sagare', 'Braveheart (995)'),
('sagare', 'Toy Story (995)'),
('sagare', 'Desperado (995)'),
('sagare', 'Babe (995)'),
('sagare', 'Nadja (994)');

-- --------------------------------------------------------

--
-- Table structure for table `user_login`
--

CREATE TABLE `user_login` (
  `username` varchar(30) NOT NULL,
  `password` varchar(30) NOT NULL,
  `email` varchar(30) NOT NULL,
  `delete_status` varchar(30) NOT NULL
) ENGINE=InnoDB DEFAULT CHARSET=latin1;

--
-- Dumping data for table `user_login`
--

INSERT INTO `user_login` (`username`, `password`, `email`, `delete_status`) VALUES
('kartik', 'qwaszx', 'kartikdeshpande18@gmail.com', 'N'),
('mohit', 'qwaszx', 'mohit@gmail.com', 'N'),
('sagare', 'asd', 'sad@gmail.com', 'N'),
('test1', 'qwaszx', 'test1@gmail.com', 'N'),
('test2', 'qwaszx', 'kdeshpa3@binghamton.edu', 'N'),
('test3', 'qwaszx', 'kartikdeshpande18@gmail.com', 'N'),
('vaibhav', 'qwaszx', 'vaibhav@gmail.com', 'N');

-- --------------------------------------------------------

--
-- Table structure for table `user_movie_rating`
--

CREATE TABLE `user_movie_rating` (
  `username` varchar(30) NOT NULL,
  `movie_name` varchar(100) NOT NULL,
  `rating` float NOT NULL
) ENGINE=InnoDB DEFAULT CHARSET=latin1;

--
-- Dumping data for table `user_movie_rating`
--

INSERT INTO `user_movie_rating` (`username`, `movie_name`, `rating`) VALUES
('admin', 'Toy Story (995)', 8.26479),
('admin', 'GoldenEye (995)', 3.58041),
('admin', 'Four Rooms (995)', 4.2222),
('admin', 'Get Shorty (995)', 7.03097),
('admin', 'Copycat (995)', 9.61784),
('admin', 'Twelve Monkeys (995)', 2.1304),
('admin', 'Babe (995)', 8.43341),
('admin', 'Dead Man Walking (995)', 3.03832),
('admin', 'Usual Suspects', 7.10042),
('admin', 'Mighty Aphrodite (995)', 9.7822),
('admin', 'From Dusk Till Dawn (996)', 6.20796),
('admin', 'White Balloon', 9.12186),
('admin', 'Braveheart (995)', 4.13333),
('admin', 'Taxi Driver (976)', 8.08199),
('admin', 'Rumble in the Bronx (995)', 6.25285),
('admin', 'Birdcage', 9.44648),
('admin', 'Brothers McMullen', 7.11983),
('admin', 'Bad Boys (995)', 3.32779),
('admin', 'Apollo 3 (995)', 8.63361),
('admin', 'Batman Forever (995)', 9.14698),
('admin', 'Crumb (994)', 5.51648),
('admin', 'Doom Generation', 3.7266),
('admin', 'Mad Love (995)', 5.45563),
('admin', 'Nadja (994)', 8.28802),
('admin', 'Net', 3.50026),
('admin', 'Strange Days (995)', 5.33201),
('admin', 'Clerks (994)', 9.48003),
('admin', 'Disclosure (994)', 7.99817),
('admin', 'Dolores Claiborne (994)', 3.85809),
('admin', 'Eat Drink Man Woman (994)', 3.21912),
('admin', 'Exotica (994)', 8.34776),
('admin', 'Ed Wood (994)', 2.59624),
('admin', 'Hoop Dreams (994)', 6.17251),
('admin', 'I.Q. (994)', 8.38238),
('admin', 'Madness of King George', 6.16168),
('admin', 'Natural Born Killers (994)', 3.63724),
('admin', 'Outbreak (995)', 6.58655),
('admin', 'Professional', 9.99995),
('admin', 'Pulp Fiction (994)', 3.00375),
('admin', 'Three Colors: Red (994)', 3.30505),
('admin', 'Shawshank Redemption', 4.87276),
('kartik', 'Eat Drink Man Woman (994)', 9),
('kartik', 'Disclosure (994)', 9),
('kartik', 'Exotica (994)', 8),
('kartik', 'Doom Generation', 9),
('kartik', 'Apollo 3 (995)', 9),
('mohit', 'Ed Wood (994)', 9),
('mohit', 'Four Rooms (995)', 8),
('mohit', 'Dead Man Walking (995)', 8),
('mohit', 'Copycat (995)', 8),
('mohit', 'Apollo 3 (995)', 8),
('vaibhav', 'Exotica (994)', 7),
('vaibhav', 'Four Rooms (995)', 8),
('test1', 'Copycat (995)', 7),
('test1', 'Apollo 3 (995)', 8),
('test1', 'Braveheart (995)', 7),
('test2', 'White Balloon', 8),
('test2', 'Usual Suspects', 8),
('test2', 'Twelve Monkeys (995)', 8),
('test2', 'Toy Story (995)', 8),
('test3', 'White Balloon', 8),
('test3', 'Usual Suspects', 8),
('admin', 'Shanghai Triad (Yao a yao yao dao waipo qiao) (995)', 7.73838),
('admin', 'French Twist (Gazon maudit) (995)', 9.35221),
('admin', 'Free Willy 2: The Adventure Home (995)', 3.18128),
('admin', 'Thanks for Everything! Julie Newmar (995)', 2.82537),
('test3', 'Exotica (994)', 8),
('kartik', 'Rumble in the Bronx (995)', 10),
('admin', 'Postino', 8.15931),
('admin', 'Desperado (995)', 8.51814),
('kartik', 'Dead Man Walking (995)', 8),
('sagare', 'Twelve Monkeys (995)', 8);

--
-- Indexes for dumped tables
--

--
-- Indexes for table `user_login`
--
ALTER TABLE `user_login`
  ADD PRIMARY KEY (`username`);

/*!40101 SET CHARACTER_SET_CLIENT=@OLD_CHARACTER_SET_CLIENT */;
/*!40101 SET CHARACTER_SET_RESULTS=@OLD_CHARACTER_SET_RESULTS */;
/*!40101 SET COLLATION_CONNECTION=@OLD_COLLATION_CONNECTION */;
